Market_T,Success_Percentage
-4.96,53.33968932668408
-4.94,47.58077291722664
-4.93,34.25511121671896
-4.92,22.757635593101377
-4.9,34.88176084171458
-4.87,54.150648346757805
-4.85,26.274111866086592
-4.8,49.18001571238313
-4.77,20.906949106619923
-4.72,50.31390681489575
-4.71,49.8947196602219
-4.69,13.064936110453916
-4.68,35.43134778027817
-4.67,46.89625401423122
-4.66,60.129042010654366
-4.64,43.37542495613386
-4.62,22.827313559157616
-4.59,36.681177133480986
-4.54,17.718966342131267
-4.51,30.58086180262372
-4.49,43.536945835469176
-4.48,39.697878334412245
-4.46,33.51922237207919
-4.45,25.800710191503786
-4.33,46.33014837416167
-4.32,37.016311019751456
-4.3,46.23513833627416
-4.26,76.17926307373173
-4.23,22.196007705868283
-4.22,30.57656062878602
-4.2,41.89282851686924
-4.16,75.52603085883577
-4.15,39.65667223995276
-4.13,72.90042943555434
-4.12,44.5407125951479
-4.04,69.51159096674081
-4.02,65.4298206569223
-3.95,22.23276538954778
-3.94,40.50459399365264
-3.93,38.16654275490136
-3.92,34.7324172727129
-3.91,62.8537084203479
-3.89,85.99585218876668
-3.88,73.54372202649212
-3.87,15.032475716270513
-3.73,44.94729724142486
-3.72,35.53549615955414
-3.71,37.40997206493199
-3.69,33.96878142923788
-3.65,18.85345683521816
-3.63,63.19760220269843
-3.62,68.0968533924061
-3.6,42.81104081991132
-3.54,13.575619677151131
-3.51,42.26330697239347
-3.48,74.62227688892303
-3.47,43.38869024207493
-3.46,68.21637339750376
-3.44,58.9899432760739
-3.43,44.93607794680999
-3.41,36.92778962050413
-3.4,83.37992440317895
-3.37,50.14395438973112
-3.36,48.43753843103959
-3.31,30.670532395932536
-3.29,29.7593159046965
-3.25,48.57898174613754
-3.24,54.84961799959313
-3.23,32.26895294811729
-3.2,39.91970278028324
-3.17,43.21060411943052
-3.15,60.61182662565
-3.14,37.25158762057446
-3.13,74.27323134617401
-3.05,26.04468915137833
-3.04,32.61789520766979
-3.03,57.922643245133
-2.99,64.07870903266965
-2.95,22.268968485903805
-2.92,21.91879174072537
-2.9,23.11126459522341
-2.88,74.25916041520985
-2.87,45.48434968691032
-2.85,40.03010505621573
-2.84,64.0558062261016
-2.81,45.50002395817813
-2.8,28.87585637346679
-2.79,48.425882395091136
-2.76,35.95401625230823
-2.75,31.72624495540209
-2.72,33.4727424860911
-2.71,38.4466428392395
-2.7,30.55609047407409
-2.69,58.78721438009047
-2.65,38.73801246707939
-2.6,54.3945808589495
-2.58,59.56439838219725
-2.57,44.545624476943935
-2.55,43.282318955698386
-2.54,49.308600529668674
-2.53,40.90479027201222
-2.52,40.90134935103213
-2.44,38.65819182518785
-2.43,43.24748301921353
-2.42,64.13878604100168
-2.41,45.8565971836738
-2.4,44.268872571082944
-2.39,71.62999505214317
-2.37,67.00158665371393
-2.33,44.566328004051215
-2.28,37.01465451266673
-2.26,35.74104816405019
-2.25,20.564539046079453
-2.23,44.09044779437979
-2.2,42.603328524489214
-2.11,82.52928940108364
-2.08,50.11241052575062
-2.06,48.53930476075511
-2.01,41.30195955998449
-1.96,43.22336589085656
-1.92,56.69428806619878
-1.87,64.42635524533759
-1.82,74.78932979488098
-1.8,38.73041869575872
-1.76,38.26407122816926
-1.74,49.78333561621895
-1.72,91.80234172952964
-1.7,43.78338422614197
-1.69,41.28924352198585
-1.68,53.71071009334754
-1.67,67.15619943552757
-1.64,45.725753839030666
-1.63,60.78487239787791
-1.62,41.451060447245794
-1.58,46.85876165872995
-1.57,62.62962703013618
-1.56,33.83720411972815
-1.55,33.58558973355219
-1.54,26.23489876997499
-1.53,65.55142253347908
-1.52,29.38748885028821
-1.5,68.20873243350685
-1.47,26.54312258823186
-1.46,55.46631796194772
-1.45,57.56073669447855
-1.43,33.74970413476138
-1.4,37.83077692176908
-1.38,47.85164778186178
-1.37,58.60758774366858
-1.36,58.43009041556643
-1.34,27.47052926883321
-1.33,31.284000042504207
-1.32,37.580539301546935
-1.31,54.17673838278051
-1.29,31.098366861640933
-1.26,43.00728017568146
-1.25,42.83849263354733
-1.17,100.0
-1.12,69.99049540677737
-1.1,30.906459509604527
-1.09,72.38201772707124
-0.99,49.13557642102928
-0.98,60.13891716201024
-0.91,65.9634333904484
-0.83,42.50900449756558
-0.81,53.83259665829684
-0.77,50.5854856064718
-0.75,49.59406088655523
-0.74,59.515870386099294
-0.73,40.02871150735808
-0.71,47.610221388814814
-0.7,33.23256409603556
-0.69,21.010843528032417
-0.65,72.77258332115765
-0.64,53.07917339525958
-0.63,56.81516748023597
-0.59,59.76209798818238
-0.58,53.75320915854947
-0.55,30.4834325572402
-0.54,46.86034383180351
-0.52,63.98885578528921
-0.5,50.09365523324518
-0.49,41.069145793340084
-0.47,64.50015941695123
-0.42,50.69850056889325
-0.4,28.11192428028445
-0.39,75.52165061404443
-0.36,42.030367396005374
-0.32,77.89482915439295
-0.31,66.28368848555539
-0.27,35.893094551176674
-0.24,65.05917630376996
-0.23,43.67841947986562
-0.19,66.6060591374567
-0.17,48.5041721241014
-0.16,64.16781991244663
-0.13,41.07848426922308
-0.12,51.57776662384708
-0.11,44.47534334858005
-0.08,54.7881574675689
0.0,48.75553961619166
0.01,48.66311500895388
0.08,71.01551052873762
0.1,48.17882730066446
0.17,43.52225988725439
0.18,62.73339059048377
0.19,40.20992912072886
0.2,33.387755564658534
0.22,49.21385950236596
0.26,10.238240306267144
0.3,57.21574171555356
0.33,35.672077974973405
0.35,35.11459735494368
0.36,68.80771758293108
0.37,39.438337638337885
0.41,55.88040216483625
0.42,15.997102227793995
0.44,55.18533437582689
0.46,76.632141529307
0.47,20.43906948205432
0.49,46.52769584062232
0.5,26.55381743161221
0.51,28.835663895172264
0.52,12.04211145282738
0.53,51.35812990871251
0.57,63.13234618096661
0.59,48.26370858311796
0.61,46.62094036965971
0.62,59.40585047685387
0.64,70.77311668175349
0.66,75.39602830823583
0.71,46.39387257984228
0.78,60.800337956735504
0.87,34.554708178423944
0.88,22.732060153883644
0.9,46.816551362093506
0.93,8.539158595228031
0.96,58.53129298819525
1.0,42.04923616708344
1.03,55.368990413152254
1.04,41.07869151855743
1.05,46.61387247689951
1.06,55.07341431309701
1.07,5.1157239472760505
1.08,65.45229310063144
1.12,41.77797706344863
1.13,38.39152671746874
1.14,35.04119834864762
1.18,44.91469690916686
1.2,57.49889525878134
1.24,42.79187225064909
1.27,46.50468285409279
1.29,28.008223520642733
1.31,43.97868158710753
1.4,34.040292313826626
1.41,49.66220484844998
1.46,88.2830225888058
1.49,31.74345298575075
1.52,31.28969752752589
1.53,29.14262454916519
1.55,66.52684108663708
1.56,47.09382299435684
1.57,48.47785974460136
1.58,52.87740583864693
1.63,88.59060180599997
1.66,73.69719233605655
1.69,32.29735430073018
1.72,43.2916433582124
1.76,38.75756813741358
1.77,33.3671080544972
1.78,69.3963747809923
1.79,25.11997901213704
1.81,64.5075502653686
1.9,37.666513933629744
1.92,59.39850990228246
1.93,65.24761804513207
1.94,42.71425749470459
1.97,52.08438138667382
2.0,20.348786799316912
2.01,41.31517451553
2.02,30.565723434011456
2.07,34.27496922922808
2.11,53.19866431178721
2.13,43.59150376658914
2.14,34.57630839702077
2.16,38.84372103505162
2.18,53.92657124944651
2.2,43.29541646368179
2.22,44.38883600583781
2.24,41.62605279153659
2.25,59.99404549238388
2.26,71.70248584435629
2.28,55.29025425547343
2.29,65.47202870837278
2.35,29.747250654117693
2.36,40.59431796749113
2.4,62.05353107666445
2.42,80.02657418556775
2.44,56.00241415678244
2.5,58.13333480981538
2.51,44.97999206423311
2.57,67.23038080054546
2.6,77.49794165304515
2.61,55.40222007654043
2.63,61.27714363856659
2.65,64.31173045789072
2.66,59.00408661297131
2.7,42.29884293869071
2.73,34.42517065145418
2.78,49.31938193775018
2.81,47.66844121952724
2.82,31.93950232716196
2.85,40.58229615843521
2.86,53.95426168568172
2.87,33.7906735056675
2.88,62.30235358792897
2.89,71.67331523128684
2.91,32.4285020015358
2.93,82.5098694090188
2.94,41.98882141158527
2.96,28.81577165171569
2.97,78.47728992514487
3.02,55.39640269456732
3.04,64.55588915562942
3.05,52.10751670924333
3.09,80.86029287956072
3.11,56.31775617138265
3.17,34.06906652420441
3.18,63.73505291070783
3.23,85.43522615575249
3.28,28.30775237325836
3.29,24.2050113821948
3.31,65.95279254514583
3.32,56.78258654104764
3.35,51.88634568745247
3.36,65.14985716593766
3.38,30.11634483825542
3.39,21.51156010355313
3.46,85.3487982916241
3.49,65.2557529223536
3.5,23.309388912088497
3.53,46.07672952214238
3.6,46.21810021671761
3.61,75.60323460525797
3.64,56.95507625181412
3.68,64.85679177188126
3.69,54.90321203403042
3.7,42.76542007128842
3.73,49.11583934232662
3.78,63.726051238186116
3.79,63.28355310724601
3.81,41.863388367481214
3.83,38.984210648108586
3.89,35.17083006147743
3.9,68.6024760221308
3.93,65.12173710958604
3.94,39.92358893831755
3.99,50.83341332820729
4.0,63.5409913489102
4.03,62.77385896359148
4.06,44.94530308837632
4.07,60.560604959792975
4.15,52.887016948324316
4.22,79.77746275740968
4.27,78.82818903250512
4.31,62.08710084012266
4.35,52.01970193617122
4.36,54.779400087350766
4.39,99.09717252405224
4.43,38.27952108195687
4.44,64.02217900200054
4.45,38.00113527313478
4.46,27.915449769369864
4.49,71.38418885126518
4.5,73.11496017694304
4.51,52.1362859121152
4.54,48.5114876564378
4.57,39.50405511516797
4.59,10.881550060976798
4.6,78.80286134282915
4.62,33.72077108334442
4.63,67.5486625785265
4.67,67.30944213358951
4.69,77.36794362608866
4.74,43.53737039742371
4.75,41.47343585457272
4.77,49.61995946462432
4.78,50.94712603366246
4.82,81.15641229861383
4.85,57.36362215702689
4.86,61.8525002233007
4.88,65.06814078914128
4.9,10.599429837377322
4.93,68.09281412497583
4.95,66.19504943222364
4.97,83.97481694624074
4.98,23.10696888067978
